{
	"info": {
		"_postman_id": "3112c440-66f0-5fb5-3528-937acd83fde1",
		"name": "tutorial",
		"schema": "https://schema.getpostman.com/json/collection/v2.1.0/collection.json"
	},
	"item": [
		{
			"name": "0.9.2 获取课时列表",
			"request": {
				"auth": {
					"type": "bearer",
					"bearer": [
						{
							"key": "token",
							"value": "eyJ0eXAiOiJKV1QiLCJhbGciOiJIUzI1NiJ9.eyJzdWIiOjEwMDAwLCJpc3MiOiJodHRwOi8vdmlkZW8uY29tL2FwaS90dXRvL2xlc3Nvbi8xIiwiaWF0IjoxNTIyODI5NDIyLCJleHAiOjE1MjM0MzQyMjIsIm5iZiI6MTUyMjgyOTQyMiwianRpIjoiZ0FXbTlGa3kwODZQbXZzMiJ9.Tyfxs3LN3EtZTX18zPA2Nq-DUKUb0TV6StbqOYsJDrw",
							"type": "string"
						}
					]
				},
				"method": "GET",
				"header": [],
				"body": {},
				"url": {
					"raw": "video.com/api/tuto/lesson?learned=0&page=0&order=1&tag=1",
					"host": [
						"video",
						"com"
					],
					"path": [
						"api",
						"tuto",
						"lesson"
					],
					"query": [
						{
							"key": "learned",
							"value": "0"
						},
						{
							"key": "page",
							"value": "0"
						},
						{
							"key": "order",
							"value": "1"
						},
						{
							"key": "tag",
							"value": "1"
						}
					]
				}
			},
			"response": []
		},
		{
			"name": "0.9.2 添加课时",
			"request": {
				"auth": {
					"type": "bearer"
				},
				"method": "POST",
				"header": [
					{
						"key": "Content-Type",
						"value": "application/x-www-form-urlencoded",
						"disabled": true
					}
				],
				"body": {
					"mode": "formdata",
					"formdata": [
						{
							"key": "word[]",
							"value": "s",
							"type": "text"
						},
						{
							"key": "word[]",
							"value": "sdfg",
							"type": "text"
						},
						{
							"key": "explanation[]",
							"value": "1asdf",
							"type": "text"
						},
						{
							"key": "explanation[]",
							"value": "2",
							"type": "text"
						},
						{
							"key": "sentience_en",
							"value": "lasjdflsjfls",
							"type": "text"
						},
						{
							"key": "sentience_ch",
							"value": "阿里山的夹缝里涉及到法律是",
							"type": "text"
						},
						{
							"key": "audio[]",
							"type": "file"
						},
						{
							"key": "tag",
							"value": "1,2,3,3",
							"type": "text"
						},
						{
							"key": "name",
							"value": "周笔畅的谎言",
							"type": "text"
						},
						{
							"key": "requirement",
							"value": "默写课文",
							"type": "text"
						},
						{
							"key": "audio[]",
							"type": "file"
						},
						{
							"key": "_method",
							"value": "put",
							"description": "",
							"type": "text",
							"disabled": true
						}
					]
				},
				"url": {
					"raw": "video.com/api/tuto/lesson/13",
					"host": [
						"video",
						"com"
					],
					"path": [
						"api",
						"tuto",
						"lesson",
						"13"
					]
				}
			},
			"response": []
		},
		{
			"name": "0.9.2 编辑课时",
			"request": {
				"auth": {
					"type": "bearer"
				},
				"method": "PUT",
				"header": [
					{
						"key": "Content-Type",
						"value": "application/x-www-form-urlencoded"
					}
				],
				"body": {
					"mode": "urlencoded",
					"urlencoded": [
						{
							"key": "word[]",
							"value": "s",
							"type": "text",
							"description": ""
						},
						{
							"key": "word[]",
							"value": "sdfg",
							"type": "text",
							"description": ""
						},
						{
							"key": "explanation[]",
							"value": "1asdf",
							"type": "text",
							"description": ""
						},
						{
							"key": "explanation[]",
							"value": "form元素有个enctype属性，可以指定数据编码方式，有如下三种：",
							"type": "text",
							"description": ""
						},
						{
							"key": "sentience_en",
							"value": "//convmap since 0x80 char codes so it takes all multibyte codes (above ASCII 127). So such characters are being \"hidden\" from normal json_encoding\n        array_walk_recursive($arr, function (&$item, $key) { if (is_string($item)) $item = mb_encode_numericentity($item, array (0x80, 0xffff, 0, 0xffff), 'UTF-8'); });\n        return mb_decode_numericentity(json_encode($arr), array (0x80, 0xffff, 0, 0xffff), 'UTF-8');",
							"type": "text",
							"description": ""
						},
						{
							"key": "sentience_ch",
							"value": "只有在两个元素相等且具有相同的数据类型时，array_intersect()函数才会认为它们是相同的。\n\n关联数组的交集 array_intersect_assoc()\n\n函数array_intersect_assoc()与array_intersect()基本相同，只不过他在比较中还考虑了数组的键。因此，只有在第一个数组中出现，且在所有其他输入数组中也出现的键/值对才返回到结果数组中。\n\n形式如下：",
							"type": "text",
							"description": ""
						},
						{
							"key": "name",
							"value": "周笔畅的谎asdf",
							"type": "text",
							"description": ""
						},
						{
							"key": "requirement",
							"value": "默写课文asdf",
							"type": "text",
							"description": ""
						},
						{
							"key": "tag",
							"value": "1,2,3,4",
							"description": "",
							"type": "text"
						}
					]
				},
				"url": {
					"raw": "video.com/api/tuto/lesson/13",
					"host": [
						"video",
						"com"
					],
					"path": [
						"api",
						"tuto",
						"lesson",
						"13"
					]
				}
			},
			"response": []
		},
		{
			"name": "0.9.2 获取课时信息",
			"request": {
				"method": "GET",
				"header": [
					{
						"key": "Authorization",
						"value": "Bearer eyJ0eXAiOiJKV1QiLCJhbGciOiJIUzI1NiJ9.eyJzdWIiOjEwMDAwLCJpc3MiOiJodHRwOi8vdmlkZW8uY29tL2FwaS90dXRvL2xlc3Nvbi8xIiwiaWF0IjoxNTIyODI5NDIyLCJleHAiOjE1MjM0MzQyMjIsIm5iZiI6MTUyMjgyOTQyMiwianRpIjoiZ0FXbTlGa3kwODZQbXZzMiJ9.Tyfxs3LN3EtZTX18zPA2Nq-DUKUb0TV6StbqOYsJDrw"
					},
					{
						"key": "Content-Type",
						"value": "application/json"
					}
				],
				"body": {
					"mode": "formdata",
					"formdata": [
						{
							"key": "word[]",
							"value": "s",
							"type": "text"
						},
						{
							"key": "word[]",
							"value": "sdfg",
							"type": "text"
						},
						{
							"key": "explanation[]",
							"value": "1asdf",
							"type": "text"
						},
						{
							"key": "explanation[]",
							"value": "2",
							"type": "text"
						},
						{
							"key": "sentience_en",
							"value": "lasjdflsjfls",
							"type": "text"
						},
						{
							"key": "sentience_ch",
							"value": "阿里山的夹缝里涉及到法律是",
							"type": "text"
						},
						{
							"key": "audio[]",
							"type": "file"
						},
						{
							"key": "tag",
							"value": "1,2,3,3",
							"type": "text"
						},
						{
							"key": "name",
							"value": "周笔畅的谎言",
							"type": "text"
						},
						{
							"key": "requirement",
							"value": "默写课文",
							"type": "text"
						},
						{
							"key": "audio[]",
							"type": "file"
						}
					]
				},
				"url": {
					"raw": "video.com/api/tuto/lesson/11",
					"host": [
						"video",
						"com"
					],
					"path": [
						"api",
						"tuto",
						"lesson",
						"11"
					]
				}
			},
			"response": []
		},
		{
			"name": "0.9.2 获取课时评论",
			"request": {
				"method": "GET",
				"header": [
					{
						"key": "Authorization",
						"value": "Bearer eyJ0eXAiOiJKV1QiLCJhbGciOiJIUzI1NiJ9.eyJzdWIiOjEwMDAwLCJpc3MiOiJodHRwOi8vdmlkZW8uY29tL2FwaS90dXRvL2xlc3Nvbi8xIiwiaWF0IjoxNTIyODI5NDIyLCJleHAiOjE1MjM0MzQyMjIsIm5iZiI6MTUyMjgyOTQyMiwianRpIjoiZ0FXbTlGa3kwODZQbXZzMiJ9.Tyfxs3LN3EtZTX18zPA2Nq-DUKUb0TV6StbqOYsJDrw"
					},
					{
						"key": "Content-Type",
						"value": "application/json",
						"disabled": true
					}
				],
				"body": {
					"mode": "formdata",
					"formdata": [
						{
							"key": "word[]",
							"value": "s",
							"type": "text"
						},
						{
							"key": "word[]",
							"value": "sdfg",
							"type": "text"
						},
						{
							"key": "explanation[]",
							"value": "1asdf",
							"type": "text"
						},
						{
							"key": "explanation[]",
							"value": "2",
							"type": "text"
						},
						{
							"key": "sentience_en",
							"value": "lasjdflsjfls",
							"type": "text"
						},
						{
							"key": "sentience_ch",
							"value": "阿里山的夹缝里涉及到法律是",
							"type": "text"
						},
						{
							"key": "audio[]",
							"value": "",
							"type": "file"
						},
						{
							"key": "tag",
							"value": "1,2,3,3",
							"type": "text"
						},
						{
							"key": "name",
							"value": "周笔畅的谎言",
							"type": "text"
						},
						{
							"key": "requirement",
							"value": "默写课文",
							"type": "text"
						},
						{
							"key": "audio[]",
							"value": "",
							"type": "file"
						}
					]
				},
				"url": {
					"raw": "video.com/api/tuto/lesson/13/comment",
					"host": [
						"video",
						"com"
					],
					"path": [
						"api",
						"tuto",
						"lesson",
						"13",
						"comment"
					]
				}
			},
			"response": []
		},
		{
			"name": "0.9.2 下架辅导课程",
			"request": {
				"method": "DELETE",
				"header": [],
				"body": {},
				"url": {
					"raw": "video.com/api/tuto/lesson/1",
					"host": [
						"video",
						"com"
					],
					"path": [
						"api",
						"tuto",
						"lesson",
						"1"
					]
				}
			},
			"response": []
		},
		{
			"name": "0.9.2 获取标签列表 全部",
			"request": {
				"method": "GET",
				"header": [],
				"body": {},
				"url": {
					"raw": "video.com/api/tuto/tag",
					"host": [
						"video",
						"com"
					],
					"path": [
						"api",
						"tuto",
						"tag"
					]
				}
			},
			"response": []
		},
		{
			"name": "0.9.2 添加标签",
			"request": {
				"method": "POST",
				"header": [
					{
						"key": "Authorization",
						"value": "Bearer eyJ0eXAiOiJKV1QiLCJhbGciOiJIUzI1NiJ9.eyJzdWIiOjEwMDAwLCJpc3MiOiJodHRwOi8vdmlkZW8uY29tL2FwaS90dXRvL2xlc3Nvbi8xIiwiaWF0IjoxNTIyODI5NDIyLCJleHAiOjE1MjM0MzQyMjIsIm5iZiI6MTUyMjgyOTQyMiwianRpIjoiZ0FXbTlGa3kwODZQbXZzMiJ9.Tyfxs3LN3EtZTX18zPA2Nq-DUKUb0TV6StbqOYsJDrw"
					}
				],
				"body": {
					"mode": "formdata",
					"formdata": [
						{
							"key": "tag",
							"value": "政治",
							"type": "text"
						}
					]
				},
				"url": {
					"raw": "video.com/api/tuto/tag",
					"host": [
						"video",
						"com"
					],
					"path": [
						"api",
						"tuto",
						"tag"
					]
				}
			},
			"response": []
		},
		{
			"name": "0.9.2 获取学生信息",
			"request": {
				"method": "GET",
				"header": [
					{
						"key": "Authorization",
						"value": "Bearer eyJ0eXAiOiJKV1QiLCJhbGciOiJIUzI1NiJ9.eyJzdWIiOjEwMDAwLCJpc3MiOiJodHRwOi8vdmlkZW8uY29tL2FwaS90dXRvL2xlc3Nvbi8xIiwiaWF0IjoxNTIyODI5NDIyLCJleHAiOjE1MjM0MzQyMjIsIm5iZiI6MTUyMjgyOTQyMiwianRpIjoiZ0FXbTlGa3kwODZQbXZzMiJ9.Tyfxs3LN3EtZTX18zPA2Nq-DUKUb0TV6StbqOYsJDrw"
					}
				],
				"body": {},
				"url": {
					"raw": "video.com/api/tuto/student/info",
					"host": [
						"video",
						"com"
					],
					"path": [
						"api",
						"tuto",
						"student",
						"info"
					]
				}
			},
			"response": []
		},
		{
			"name": "0.9.2 购买辅导",
			"request": {
				"method": "GET",
				"header": [
					{
						"key": "Authorization",
						"value": "Bearer eyJ0eXAiOiJKV1QiLCJhbGciOiJIUzI1NiJ9.eyJzdWIiOjEwMDAwLCJpc3MiOiJodHRwOi8vdmlkZW8uY29tL2FwaS90dXRvL2xlc3Nvbi8xIiwiaWF0IjoxNTIyODI5NDIyLCJleHAiOjE1MjM0MzQyMjIsIm5iZiI6MTUyMjgyOTQyMiwianRpIjoiZ0FXbTlGa3kwODZQbXZzMiJ9.Tyfxs3LN3EtZTX18zPA2Nq-DUKUb0TV6StbqOYsJDrw"
					}
				],
				"body": {},
				"url": {
					"raw": "video.com/api/tuto/student/buy",
					"host": [
						"video",
						"com"
					],
					"path": [
						"api",
						"tuto",
						"student",
						"buy"
					]
				}
			},
			"response": []
		},
		{
			"name": "0.9.2 添加评论",
			"request": {
				"method": "POST",
				"header": [
					{
						"key": "Authorization",
						"value": "Bearer eyJ0eXAiOiJKV1QiLCJhbGciOiJIUzI1NiJ9.eyJzdWIiOjEwMDAwLCJpc3MiOiJodHRwOi8vdmlkZW8uY29tL2FwaS90dXRvL2xlc3Nvbi8xIiwiaWF0IjoxNTIyODI5NDIyLCJleHAiOjE1MjM0MzQyMjIsIm5iZiI6MTUyMjgyOTQyMiwianRpIjoiZ0FXbTlGa3kwODZQbXZzMiJ9.Tyfxs3LN3EtZTX18zPA2Nq-DUKUb0TV6StbqOYsJDrw"
					}
				],
				"body": {
					"mode": "formdata",
					"formdata": [
						{
							"key": "lesson_id",
							"value": "13",
							"description": "",
							"type": "text"
						},
						{
							"key": "audio",
							"value": "",
							"description": "",
							"type": "file"
						}
					]
				},
				"url": {
					"raw": "video.com/api/tuto/comment",
					"host": [
						"video",
						"com"
					],
					"path": [
						"api",
						"tuto",
						"comment"
					]
				}
			},
			"response": []
		},
		{
			"name": "0.9.2 编辑评论",
			"request": {
				"method": "POST",
				"header": [
					{
						"key": "Authorization",
						"value": "Bearer eyJ0eXAiOiJKV1QiLCJhbGciOiJIUzI1NiJ9.eyJzdWIiOjEwMDAwLCJpc3MiOiJodHRwOi8vdmlkZW8uY29tL2FwaS90dXRvL2xlc3Nvbi8xIiwiaWF0IjoxNTIyODI5NDIyLCJleHAiOjE1MjM0MzQyMjIsIm5iZiI6MTUyMjgyOTQyMiwianRpIjoiZ0FXbTlGa3kwODZQbXZzMiJ9.Tyfxs3LN3EtZTX18zPA2Nq-DUKUb0TV6StbqOYsJDrw"
					},
					{
						"key": "Content-Type",
						"value": "application/x-www-form-urlencoded"
					}
				],
				"body": {
					"mode": "formdata",
					"formdata": [
						{
							"key": "lesson_id",
							"value": "13",
							"description": "",
							"type": "text"
						},
						{
							"key": "audio",
							"value": "",
							"description": "",
							"type": "file"
						},
						{
							"key": "_method",
							"value": "put",
							"description": "",
							"type": "text"
						}
					]
				},
				"url": {
					"raw": "video.com/api/tuto/comment/1",
					"host": [
						"video",
						"com"
					],
					"path": [
						"api",
						"tuto",
						"comment",
						"1"
					]
				}
			},
			"response": []
		},
		{
			"name": "0.9.2 收听评论",
			"request": {
				"method": "GET",
				"header": [
					{
						"key": "Authorization",
						"value": "Bearer eyJ0eXAiOiJKV1QiLCJhbGciOiJIUzI1NiJ9.eyJzdWIiOjEwMDAwLCJpc3MiOiJodHRwOi8vdmlkZW8uY29tL2FwaS90dXRvL2xlc3Nvbi8xIiwiaWF0IjoxNTIyODI5NDIyLCJleHAiOjE1MjM0MzQyMjIsIm5iZiI6MTUyMjgyOTQyMiwianRpIjoiZ0FXbTlGa3kwODZQbXZzMiJ9.Tyfxs3LN3EtZTX18zPA2Nq-DUKUb0TV6StbqOYsJDrw"
					},
					{
						"key": "Content-Type",
						"value": "application/x-www-form-urlencoded"
					}
				],
				"body": {
					"mode": "formdata",
					"formdata": [
						{
							"key": "lesson_id",
							"value": "13",
							"description": "",
							"type": "text"
						},
						{
							"key": "audio",
							"value": "",
							"description": "",
							"type": "file"
						},
						{
							"key": "_method",
							"value": "put",
							"description": "",
							"type": "text"
						}
					]
				},
				"url": {
					"raw": "video.com/api/tuto/comment/1/play",
					"host": [
						"video",
						"com"
					],
					"path": [
						"api",
						"tuto",
						"comment",
						"1",
						"play"
					]
				}
			},
			"response": []
		},
		{
			"name": "0.9.2 申请评论纠正",
			"request": {
				"auth": {
					"type": "bearer",
					"bearer": [
						{
							"key": "token",
							"value": "eyJ0eXAiOiJKV1QiLCJhbGciOiJIUzI1NiJ9.eyJzdWIiOjEwMDAwLCJpc3MiOiJodHRwOi8vdmlkZW8uY29tL2FwaS90dXRvL2xlc3Nvbi8xIiwiaWF0IjoxNTIyODI5NDIyLCJleHAiOjE1MjM0MzQyMjIsIm5iZiI6MTUyMjgyOTQyMiwianRpIjoiZ0FXbTlGa3kwODZQbXZzMiJ9.Tyfxs3LN3EtZTX18zPA2Nq-DUKUb0TV6StbqOYsJDrw",
							"type": "string"
						}
					]
				},
				"method": "GET",
				"header": [
					{
						"key": "Authorization",
						"value": "Bearer eyJ0eXAiOiJKV1QiLCJhbGciOiJIUzI1NiJ9.eyJzdWIiOjEwMDAwLCJpc3MiOiJodHRwOi8vdmlkZW8uY29tL2FwaS90dXRvL2xlc3Nvbi8xIiwiaWF0IjoxNTIyODI5NDIyLCJleHAiOjE1MjM0MzQyMjIsIm5iZiI6MTUyMjgyOTQyMiwianRpIjoiZ0FXbTlGa3kwODZQbXZzMiJ9.Tyfxs3LN3EtZTX18zPA2Nq-DUKUb0TV6StbqOYsJDrw",
						"disabled": true
					},
					{
						"key": "Content-Type",
						"value": "application/x-www-form-urlencoded"
					}
				],
				"body": {
					"mode": "formdata",
					"formdata": [
						{
							"key": "lesson_id",
							"value": "13",
							"description": "",
							"type": "text"
						},
						{
							"key": "audio",
							"value": "",
							"description": "",
							"type": "file"
						},
						{
							"key": "_method",
							"value": "put",
							"description": "",
							"type": "text"
						}
					]
				},
				"url": {
					"raw": "video.com/api/tuto/comment/1/correct",
					"host": [
						"video",
						"com"
					],
					"path": [
						"api",
						"tuto",
						"comment",
						"1",
						"correct"
					]
				}
			},
			"response": []
		},
		{
			"name": "0.9.2 判断课时解锁状态",
			"request": {
				"method": "GET",
				"header": [
					{
						"key": "Authorization",
						"value": "Bearer eyJ0eXAiOiJKV1QiLCJhbGciOiJIUzI1NiJ9.eyJzdWIiOjEwMDAwLCJpc3MiOiJodHRwOi8vdmlkZW8uY29tL2FwaS90dXRvL2xlc3Nvbi8xIiwiaWF0IjoxNTIyODI5NDIyLCJleHAiOjE1MjM0MzQyMjIsIm5iZiI6MTUyMjgyOTQyMiwianRpIjoiZ0FXbTlGa3kwODZQbXZzMiJ9.Tyfxs3LN3EtZTX18zPA2Nq-DUKUb0TV6StbqOYsJDrw"
					},
					{
						"key": "Content-Type",
						"value": "application/json"
					}
				],
				"body": {
					"mode": "formdata",
					"formdata": [
						{
							"key": "word[]",
							"value": "s",
							"type": "text"
						},
						{
							"key": "word[]",
							"value": "sdfg",
							"type": "text"
						},
						{
							"key": "explanation[]",
							"value": "1asdf",
							"type": "text"
						},
						{
							"key": "explanation[]",
							"value": "2",
							"type": "text"
						},
						{
							"key": "sentience_en",
							"value": "lasjdflsjfls",
							"type": "text"
						},
						{
							"key": "sentience_ch",
							"value": "阿里山的夹缝里涉及到法律是",
							"type": "text"
						},
						{
							"key": "audio[]",
							"value": "",
							"type": "file"
						},
						{
							"key": "tag",
							"value": "1,2,3,3",
							"type": "text"
						},
						{
							"key": "name",
							"value": "周笔畅的谎言",
							"type": "text"
						},
						{
							"key": "requirement",
							"value": "默写课文",
							"type": "text"
						},
						{
							"key": "audio[]",
							"value": "",
							"type": "file"
						}
					]
				},
				"url": {
					"raw": "video.com/api/tuto/lesson/11/check",
					"host": [
						"video",
						"com"
					],
					"path": [
						"api",
						"tuto",
						"lesson",
						"11",
						"check"
					]
				}
			},
			"response": []
		},
		{
			"name": "0.9.2 解锁课时",
			"request": {
				"method": "POST",
				"header": [
					{
						"key": "Authorization",
						"value": "Bearer eyJ0eXAiOiJKV1QiLCJhbGciOiJIUzI1NiJ9.eyJzdWIiOjEwMDAwLCJpc3MiOiJodHRwOi8vdmlkZW8uY29tL2FwaS90dXRvL2xlc3Nvbi8xIiwiaWF0IjoxNTIyODI5NDIyLCJleHAiOjE1MjM0MzQyMjIsIm5iZiI6MTUyMjgyOTQyMiwianRpIjoiZ0FXbTlGa3kwODZQbXZzMiJ9.Tyfxs3LN3EtZTX18zPA2Nq-DUKUb0TV6StbqOYsJDrw"
					},
					{
						"key": "Content-Type",
						"value": "application/json",
						"disabled": true
					}
				],
				"body": {
					"mode": "formdata",
					"formdata": [
						{
							"key": "word[]",
							"value": "s",
							"type": "text"
						},
						{
							"key": "word[]",
							"value": "sdfg",
							"type": "text"
						},
						{
							"key": "explanation[]",
							"value": "1asdf",
							"type": "text"
						},
						{
							"key": "explanation[]",
							"value": "2",
							"type": "text"
						},
						{
							"key": "sentience_en",
							"value": "lasjdflsjfls",
							"type": "text"
						},
						{
							"key": "sentience_ch",
							"value": "阿里山的夹缝里涉及到法律是",
							"type": "text"
						},
						{
							"key": "audio[]",
							"value": "",
							"type": "file"
						},
						{
							"key": "tag",
							"value": "1,2,3,3",
							"type": "text"
						},
						{
							"key": "name",
							"value": "周笔畅的谎言",
							"type": "text"
						},
						{
							"key": "requirement",
							"value": "默写课文",
							"type": "text"
						},
						{
							"key": "audio[]",
							"value": "",
							"type": "file"
						}
					]
				},
				"url": {
					"raw": "video.com/api/tuto/lesson/13/check",
					"host": [
						"video",
						"com"
					],
					"path": [
						"api",
						"tuto",
						"lesson",
						"13",
						"check"
					]
				}
			},
			"response": []
		},
		{
			"name": "0.9.2 【私】获取已（未）纠音记录",
			"request": {
				"method": "GET",
				"header": [],
				"body": {},
				"url": {
					"raw": "video.com/api/tuto/adm/comment?status=2",
					"host": [
						"video",
						"com"
					],
					"path": [
						"api",
						"tuto",
						"adm",
						"comment"
					],
					"query": [
						{
							"key": "status",
							"value": "2"
						}
					]
				}
			},
			"response": []
		},
		{
			"name": "0.9.2 【私】添加纠音",
			"request": {
				"method": "POST",
				"header": [],
				"body": {
					"mode": "formdata",
					"formdata": [
						{
							"key": "audio",
							"value": "",
							"description": "",
							"type": "file"
						}
					]
				},
				"url": {
					"raw": "video.com/api/tuto/adm/comment/1/reply",
					"host": [
						"video",
						"com"
					],
					"path": [
						"api",
						"tuto",
						"adm",
						"comment",
						"1",
						"reply"
					]
				}
			},
			"response": []
		},
		{
			"name": "0.9.2 [私]获取课程学生列表",
			"request": {
				"auth": {
					"type": "bearer",
					"bearer": [
						{
							"key": "token",
							"value": "eyJ0eXAiOiJKV1QiLCJhbGciOiJIUzI1NiJ9.eyJzdWIiOjEwMDAwLCJpc3MiOiJodHRwOi8vdmlkZW8uY29tL2FwaS90dXRvL2xlc3Nvbi8xIiwiaWF0IjoxNTIyODI5NDIyLCJleHAiOjE1MjM0MzQyMjIsIm5iZiI6MTUyMjgyOTQyMiwianRpIjoiZ0FXbTlGa3kwODZQbXZzMiJ9.Tyfxs3LN3EtZTX18zPA2Nq-DUKUb0TV6StbqOYsJDrw",
							"type": "string"
						}
					]
				},
				"method": "GET",
				"header": [
					{
						"key": "Authorization",
						"value": "Bearer eyJ0eXAiOiJKV1QiLCJhbGciOiJIUzI1NiJ9.eyJzdWIiOjEwMDAwLCJpc3MiOiJodHRwOi8vdmlkZW8uY29tL2FwaS90dXRvL2xlc3Nvbi8xIiwiaWF0IjoxNTIyODI5NDIyLCJleHAiOjE1MjM0MzQyMjIsIm5iZiI6MTUyMjgyOTQyMiwianRpIjoiZ0FXbTlGa3kwODZQbXZzMiJ9.Tyfxs3LN3EtZTX18zPA2Nq-DUKUb0TV6StbqOYsJDrw",
						"disabled": true
					},
					{
						"key": "Content-Type",
						"value": "application/json",
						"disabled": true
					}
				],
				"body": {
					"mode": "formdata",
					"formdata": [
						{
							"key": "word[]",
							"value": "s",
							"type": "text"
						},
						{
							"key": "word[]",
							"value": "sdfg",
							"type": "text"
						},
						{
							"key": "explanation[]",
							"value": "1asdf",
							"type": "text"
						},
						{
							"key": "explanation[]",
							"value": "2",
							"type": "text"
						},
						{
							"key": "sentience_en",
							"value": "lasjdflsjfls",
							"type": "text"
						},
						{
							"key": "sentience_ch",
							"value": "阿里山的夹缝里涉及到法律是",
							"type": "text"
						},
						{
							"key": "audio[]",
							"value": "",
							"type": "file"
						},
						{
							"key": "tag",
							"value": "1,2,3,3",
							"type": "text"
						},
						{
							"key": "name",
							"value": "周笔畅的谎言",
							"type": "text"
						},
						{
							"key": "requirement",
							"value": "默写课文",
							"type": "text"
						},
						{
							"key": "audio[]",
							"value": "",
							"type": "file"
						}
					]
				},
				"url": {
					"raw": "video.com/api/tuto/adm/student?start=2011-11-11&end=2012-01-01",
					"host": [
						"video",
						"com"
					],
					"path": [
						"api",
						"tuto",
						"adm",
						"student"
					],
					"query": [
						{
							"key": "start",
							"value": "2011-11-11"
						},
						{
							"key": "end",
							"value": "2012-01-01"
						}
					]
				}
			},
			"response": []
		}
	]
}